,
,
,İSTANBUL
,İSTİKLAL CADDESİ NO:49 (MAVİ HAN) KAT:5    TAKSİM/İSTANBUL
,0212 709 87 09          0212 244 66 00
,WhatsApp - 0543 344 58 86
,WhatsApp - 0541 407 01 38
,WhatsApp - 0507 335 12 48
,WhatsApp - 0546 528 85 59
,
,ANKARA -LEYLA HANIM
,FİDANLIK MAHALLESİ MİTHATPAŞA CADDESİ NO:39/7 KAT:4     KIZILAY/ANKARA
,0545 599 73 26
,
,İZMİR - ŞÜHEDA HANIM
,CUMHURİYET BULVARI KAPANİ İŞ MERKEZİ NO:36 KAT:7/711     KONAK/İZMİR
,0553 407 01 43
,
,ANTALYA - YEŞİM HANIM
,ÜÇGEN MAHALLESİ ABDİ İPEKÇİ CADDESİ NO:13/7     MURATPAŞA/ANTALYA
,0546 522 85 41
,
,MUĞLA- GÜLCAN HANIM
,ÇIRKAN MAHALLESİ MUSTAFA AYSU SOKAK NO:13/3     BODRUM/MUĞLA
,0545 599 73 29       0538 436 05 01
,
,HATAY - GÜLCAN HANIM
,GAZİ MAHALLESİ 10.SOKAK NO:18     ANTAKYA/HATAY
,0545 599 73 29      0538 436 05 01
,
,ŞANLIURFA - HALİT HOCA
,PAŞABAĞI MAHALLESİ 763. SOKAK ADLİYE İŞ MERKEZİ NO:2 HALİLİYE/ŞANLIURFA
,0531 762 85 80
,
,MARDİN - MEHMET ALİ HOCA
,0535 721 73 04
,
,GAZİANTEP - ADİL BEY
,0553 087 31 69
,
,ORDU - ASİYE HANIM
,0530 821 42 52
,
,MERSİN-  MEHMET ALİ HOCA
,0535 721 73 04